INSERT INTO Person(SIN, name, dob, gender)
VALUES
(246899471, 'Bessie Salgado', '1981-06-10', 'M'),
(390394152, 'Violet Garcia', '1959-08-24', 'M'),
(787260003, 'Angelica Bishop', '1991-09-16', 'F'),
(271928134, 'Courtnie Yang', '1951-01-07', 'F'),
(750890265, 'Tristan Compton', '1950-11-26', 'M'),
(704003806, 'Fahmida Grey', '1984-12-07', 'F'),
(469097227, 'Alton Busby', '1959-03-20', 'F'),
(653911468, 'Macy Henson', '1989-03-31', 'F'),
(245195939, 'Lucy Lu', '1970-02-26', 'F'),
(679680260, 'Gregg Ferguson', '1977-07-09', 'F'),
(779199301, 'Sam Brown', '1950-08-27', 'F'),
(257482902, 'Tabitha O''Brien', '1978-05-20', 'F'),
(421092663, 'Dania Mcghee', '1989-07-03', 'F'),
(299769054, 'Ace Young', '1978-01-29', 'M'),
(947970435, 'Kaitlin Ferry', '1981-06-16', 'F'),
(652402846, 'Cienna Santana', '1962-08-15', 'F'),
(845666567, 'Lavinia Coulson', '1979-09-15', 'F'),
(873703068, 'Ahsan Berger', '1964-07-05', 'F'),
(200720169, 'Euan Rasmussen', '1977-05-04', 'F'),
(356363940, 'Kathy Steele', '1973-03-06', 'F'),
(751014361, 'Mamie Baxter', '1976-02-24', 'F'),
(989617872, 'Walter Stein', '1966-04-17', 'F'),
(843752003, 'Kalvin Knowles', '1960-03-29', 'F'),
(781209654, 'Maksymilian Franklin', '1957-07-06', 'M'),
(522351995, 'Zi Carney', '1978-12-05', 'M'),
(878976346, 'Bethan Parsons', '1959-10-25', 'F'),
(419699037, 'Alexandre Dawson', '1973-10-20', 'M'),
(444285028, 'Ayyub Burgess', '1996-10-09', 'F'),
(308196929, 'Roisin Buchanan', '1970-03-15', 'M'),
(623923190, 'Zidan Mccormick', '1952-12-23', 'M'),
(654500171, 'Leilani Bradley', '1973-01-23', 'F'),
(874645362, 'Herbert Houston', '1970-08-20', 'F'),
(497471403, 'Aiza Sears', '1985-02-22', 'M'),
(575121954, 'Beyonce Smith', '1988-09-30', 'F'),
(104570975, 'Rory Humphrey', '1973-02-06', 'M'),
(240754926, 'Neve Heath', '1987-03-01', 'F'),
(967038297, 'Olivia-Grace Small', '1976-02-05', 'M'),
(128097678, 'Arianna Vaughan', '1967-02-28', 'F'),
(926316269, 'Ashanti Wilks', '1954-09-14', 'M'),
(930163400, 'Blane Fritz', '1953-12-20', 'M'),
(556627041, 'Maddox Massey', '1986-08-03', 'F'),
(699297432, 'Gemma Dodson', '1965-12-22', 'M'),
(584517883, 'Ismaeel Lister', '1950-03-06', 'M'),
(663721224, 'Sonny Castillo', '1992-03-28', 'M'),
(535007295, 'Lilith Cullen', '1967-08-26', 'M'),
(222610756, 'Ravi Holland', '1952-06-26', 'M'),
(558777537, 'Ryan Fitzpatrick', '1952-05-13', 'F'),
(221128028, 'Taryn Pearce', '1976-02-19', 'F'),
(353003029, 'Mackenzie Livingston', '1967-08-16', 'M'),
(120451010, 'Martyn Rubio', '1984-05-30', 'F'),
(460382971, 'Kean Cordova', '1981-03-10', 'F'),
(813116772, 'Nabeela Hume', '1958-12-21', 'F'),
(350183663, 'Alissa Corrigan', '1971-02-23', 'M'),
(618557634, 'Isla-Rose Monroe', '1964-02-06', 'M'),
(966065885, 'Arfa Guzman', '1974-04-19', 'F'),
(161352916, 'Antony Christensen', '1980-07-20', 'F'),
(707905047, 'Jackson Good', '1974-11-01', 'F'),
(189872628, 'Ibrar Miranda', '1951-06-19', 'M'),
(448638219, 'Alexandru Sutherland', '1967-08-08', 'F'),
(270935560, 'Rohit Hartley', '1962-06-13', 'F'),
(794601981, 'Hendrix Middleton', '1982-06-04', 'M'),
(644668982, 'Tre Strickland', '1956-01-05', 'M'),
(631433063, 'Anita Broughton', '1985-09-18', 'F'),
(584133094, 'Brennan Ortiz', '1964-01-07', 'M'),
(907250255, 'Carlos Gonzalez', '1991-12-27', 'F'),
(301670376, 'Nadine Guy', '1962-09-17', 'M'),
(310876717, 'Anabelle James', '1955-03-20', 'F'),
(553439148, 'Jarrod Avila', '1958-03-06', 'F'),
(623583259, 'Sofie Lowery', '1951-03-03', 'F'),
(332242800, 'Veer Avalos', '1962-09-26', 'M'),
(930467471, 'Sheridan Munro', '1970-01-03', 'F'),
(964178072, 'Wiktor Wong', '1986-04-08', 'M'),
(575882683, 'Dawood Andrew', '1969-01-20', 'M'),
(504646614, 'Emelia Mckee', '1958-03-07', 'M'),
(804551025, 'Shamima Dowling', '1984-02-20', 'M'),
(421629336, 'Seamus Benson', '1974-02-09', 'M'),
(243813237, 'Elyse Chang', '1978-05-13', 'F'),
(922968408, 'Aleesha Holmes', '1994-02-20', 'F'),
(687291959, 'Jedd Hobbs', '1964-02-24', 'M'),
(927029090, 'Eleanor Bassett', '1960-08-02', 'F'),
(979036271, 'Mazie Bonilla', '1951-01-29', 'M'),
(125201982, 'Akram Mac', '1993-02-12', 'F'),
(908504833, 'Lilli Snider', '1978-03-17', 'F'),
(913462464, 'Barry Devlin', '1985-11-06', 'M'),
(490814435, 'Darci Iles', '1987-12-27', 'M'),
(381005566, 'Zakariyya Cornish', '1981-04-30', 'F'),
(704805357, 'Simon Quintana', '1993-09-22', 'M'),
(500747728, 'Lachlan Millar', '1960-01-31', 'M'),
(285359069, 'Hope Caldwell', '1964-03-12', 'F'),
(961886110, 'Zackery Ratliff', '1970-04-10', 'M'),
(788030761, 'Valerie O''Quinn', '1987-06-20', 'F'),
(433280992, 'Raj Donaldson', '1995-11-16', 'M'),
(802468113, 'Alexa Power', '1993-03-12', 'F'),
(211744604, 'Angus Rawlings', '1961-12-23', 'M'),
(524454235, 'Kimberley Mullen', '1977-01-28', 'F'),
(262339566, 'Esmai Huang', '1981-02-06', 'M'),
(782039907, 'Ava-Grace Odonnell', '1973-04-15', 'F'),
(370084718, 'Vivek Contreras', '1986-12-22', 'M'),
(983448419, 'Thea Alfaro', '1979-09-28', 'F'),
(340484330, 'Maaria Harrell', '1967-03-27', 'M');

INSERT INTO Department(depName)
VALUES ('Engineering'), ('Support'), ('Marketing'), ('Accounting & Finance'), ('Human Resources');

INSERT INTO Employee(SIN, cellNum, homeNum, address, salary)
VALUES
(246899471,5144275952,5148247191,'459 rue Levy, Montreal, QC, H3C 5K4',18.29),
(390394152,5143461584,5146252012,'707 René-Lévesque Blvd, Montreal, QC, H3B 4W8',33.44),
(787260003,5140702657,5140744083,'2911 rue Levy, Montreal, QC, H3C 5K9',250.00),
(271928134,5140884158,5141049073,'330 Sherbrooke Ouest, Montreal, QC, H4A 1H3',48.50),
(750890265,5141802475,5148515479,'4011 rue Levy, Montreal, QC, H2C 5K4',11.50),
(704003806,5146725692,5144598530,'3501 Ste. Catherine Ouest, Montreal, QC, H2A 2Z3',39.50),
(469097227,5141726367,5145233975,'2743 Duke Street, Montreal, QC, H1T 5K4',72.50),
(653911468,5146666896,5146246604,'4292 René-Lévesque Blvd, Montreal, QC, H3B 4W8',175.55),
(245195939,5143395132,5143409369,'791 chemin Hudson, Montreal, QC, H5J 1M9',69.99),
(679680260,5148344171,5147015271,'4442 rue Levy, Montreal, QC, H3C 5L3',38.59),
(779199301,5145350283,5147466091,'3084 Township Rd, Fort Mcmurray, AB, T9H 2R1',42.38),
(257482902,5145861037,5141927406,'4123 White Point Road, Middleton, NS, B0S 1P0',33.99),
(421092663,5147338653,5147622404,'3178 Wallbridge Loyalist Rd, Belleville, ON, K8N 1L9',350.00),
(299769054,5148273238,5144162500,'1226 Speers Road, Maple, ON, L6A 1G5',750.00),
(947970435,5148913478,5145265170,'2149 102nd Avenue, Salmon Arm, BC, V1E 4N2',33.00),
(652402846,5147881207,5147441701,'765 Victoria Park Ave, Toronto, ON, M4A 2M5',29.00),
(845666567,5141829410,5141300138,'3883 St. Paul Street, Niagara Falls, ON, L2E 4E6',30.00),
(873703068,5148834053,5149125432,'4975 Bragg Road, Springhill, NS, B0M 1X0',48.00),
(200720169,5144051669,5148493319,'4597 Hardy Street, Kelowna, BC, V1Y 8H2',55.00),
(356363940,5142844440,5142965350,'1740 Ross Street, Kingston, ON, K7M 7H6',82.00),
(751014361,5142572566,5141822188,'3281 Port Washington Road, Manyberries, AB, T0K 1L0',24.90),
(989617872,5143486301,5144829180,'1233 5th Avenue, Hythe, AB, T0H 2C0',82.30),
(843752003,5145295964,5149567267,'2553 James Street, Burnaby, BC, V4G 1J9',180.00),
(781209654,5143426791,5145755484,'3434 Scotchmere Dr, Chatham, ON, N7L 4M5',44.50),
(522351995,5149793383,5142713280,'2229 Sherbrooke Ouest, Montreal, QC, H4I 2H3',33.00),
(878976346,5145483760,5143752795,'2532 Yonge Street, Toronto, ON, M4W 1J0',29.00),
(419699037,5146808225,5149571851,'1704 Speers Road, Oakville, ON, L6L 2D9',180.00),
(444285028,5149434722,5144286898,'62 rue Saint-Antoine, Granby, QC, H18 2J0',65.00),
(308196929,5143549542,5148208600,'685 St Jean Baptiste St, Sayabec, QC, G0J 3K0',300.00),
(623923190,5146897238,5149809960,'4658 Broadmoor Blvd, Sherwood Park, AB, T8A 1I9',63.00),
(654500171,5148476448,5145115131,'207 Brook St, Bridgewater, NS, B4V 1B9',82.00),
(874645362,5143837949,5145469191,'2104 Matheson St, Kenora, ON, P9N 1T8',70.00),
(497471403,5147445758,5146212215,'2115 Dundas St, Toronto, ON, M2N 2G8',33.99),
(575121954,5145410862,5140186911,'4310 Boulevard Laflèche, Riviere Du Loup, QC, G5R 3E9',55.55),
(104570975,5146338854,5143094454,'4697 rue Saint-Charles, Longueil, QC, J4I 1J2',66.66),
(240754926,5149648936,5146824203,'4896 Kennedy Rd, Lindsay, ON, K9V 4A4',42.50),
(967038297,5149658034,5147090278,'2038 Speers Road, Brampton, ON, L6H 2Y8',33.66),
(128097678,5144553905,5142884043,'2094 7th Ave, Calgary, AB, T2P 0W4',33.29),
(926316269,5141991537,5141894022,'3260 Brew Creek Rd, Port Alice, BC, V0N 2H9',49.00),
(930163400,5147172380,5147198791,'4524 Dry Pine Bay Rd, Noelville, ON, P0M 0H8',48.00);

UPDATE Employee
SET depID=(SELECT depID FROM Department WHERE depName='Engineering')
WHERE SIN < 800000000 AND SIN > 500000000;

UPDATE Employee
SET depID=(SELECT depID FROM Department WHERE depName='Support')
WHERE SIN < 500000000 AND SIN > 300000000;

UPDATE Employee
SET depID=(SELECT depID FROM Department WHERE depName='Marketing')
WHERE SIN > 800000000;

UPDATE Employee
SET depID=(SELECT depID FROM Department WHERE depName='Accounting & Finance')
WHERE SIN < 300000000 AND SIN > 200000000;

UPDATE Employee
SET depID=(SELECT depID FROM Department WHERE depName='Human Resources')
WHERE SIN < 200000000;

INSERT INTO DepartmentLocation(depID, address)
VALUES
(1,'5389 Rue Beaubien, Montreal, QC, H1T 2X8'),
(1,'829 Rue St. Catherine, Montreal, QC, H3S 8E7'),
(1,'183 Geary Ave, Toronto, ON, M2N 2G8'),
(2,'1455 boul de Maisonneuve O, Montréal, QC H3G 1M8'),
(3,'994 Rue Rachel E, Montréal, QC H2J 2J3'),
(4,'742 Evergreen Terrace, Montreal, QC H4H 4H4'),
(4,'123 Outtamy Way, Montreal, QC, H9F 2H1'),
(4,'982 Blueberry Hill Street, Montreal, QC U18 12D'),
(4,'1299 North Street, Calgary, AB, T4K 1D2'),
(5,'903 65th Avenue, Edmonton, AB, T1D 2K1');

UPDATE Department
SET depManagerID=10000033, depManagerStartDate='2010-01-01'
WHERE depID=1;

UPDATE Department
SET depManagerID=10000001, depManagerStartDate='2012-03-20'
WHERE depID=2;

UPDATE Department
SET depManagerID=10000014, depManagerStartDate='2014-06-19'
WHERE depID=3;

UPDATE Department
SET depManagerID=10000013, depManagerStartDate='2015-01-08'
WHERE depID=4;

UPDATE Department
SET depManagerID=10000034, depManagerStartDate='2013-04-02'
WHERE depID=5;


INSERT INTO Project (projDepID, projName, projLocation, projStage)
VALUES
(1,'Project Zero', 'Toronto', 'Preliminary'),
(4,'Project Alpha', 'Calgary', 'Intermediate'),
(3,'Project X', 'New York', 'Advanced'),
(4,'Project Omega', 'Los Angeles', 'Complete'),
(5,'Project Epsilon', 'Sidney', 'Intermediate'),
(4,'Project Gamma', 'Montreal', 'Intermediate'),
(2,'Project Zeta','Quebec City','Preliminary'),
(3,'Project Sigma', 'Ottawa', 'Advanced'),
(4,'Project Phi', 'Toronto', 'Advanced'),
(4,'Project Rho', 'London', 'Intermediate');

INSERT INTO HoursWorkedOnProject(projID,empID,day,hours)
VALUES
(1,10000011,'2018-04-01',5),
(2,10000032,'2018-04-01',5),
(3,10000033,'2018-04-01',5),
(5,10000033,'2018-04-01',5),
(7,10000026,'2018-04-01',5),
(2,10000019,'2018-04-01',5),
(3,10000031,'2018-04-01',5),
(4,10000001,'2018-04-01',5),
(7,10000002,'2018-04-02',5),
(9,10000006,'2018-04-02',5),
(8,10000034,'2018-04-02',5),
(3,10000006,'2018-04-02',5),
(4,10000021,'2018-04-02',5),
(7,10000026,'2018-04-02',5),
(9,10000009,'2018-04-02',5),
(3,10000023,'2018-04-03',5),
(4,10000011,'2018-04-03',5),
(5,10000016,'2018-04-03',5),
(7,10000014,'2018-04-03',5),
(9,10000017,'2018-04-03',5),
(10,10000019,'2018-04-03',5),
(2,10000011,'2018-04-03',5),
(5,10000023,'2018-04-03',5),
(6,10000002,'2018-04-03',5),
(2,10000004,'2018-04-03',5),
(3,10000005,'2018-04-03',5),
(4,10000006,'2018-04-03',6),
(5,10000022,'2018-04-03',5),
(7,10000027,'2018-04-03',4),
(2,10000029,'2018-04-03',5),
(3,10000033,'2018-04-03',6),
(8,10000039,'2018-04-03',5),
(8,10000012,'2018-04-05',4),
(2,10000011,'2018-04-05',7),
(3,10000010,'2018-04-05',6),
(4,10000000,'2018-04-05',5),
(6,10000039,'2018-04-05',5),
(8,10000033,'2018-04-05',4),
(9,10000001,'2018-04-05',7),
(10,10000002,'2018-04-05',6),
(2,10000036,'2018-04-05',5),
(3,10000037,'2018-04-05',4),
(5,10000037,'2018-04-05',7),
(6,10000001,'2018-04-05',6),
(7,10000031,'2018-04-05',7),
(8,10000032,'2018-04-05',7),
(9,10000008,'2018-04-05',7),
(2,10000007,'2018-04-05',7),
(3,10000004,'2018-04-05',7),
(4,10000006,'2018-04-05',7),
(5,10000008,'2018-04-05',7),
(7,10000003,'2018-04-05',7),
(2,10000011,'2018-04-06',7),
(7,10000016,'2018-04-06',7),
(9,10000014,'2018-04-06',6),
(7,10000013,'2018-04-06',6),
(6,10000022,'2018-04-06',6),
(4,10000021,'2018-04-06',6),
(2,10000024,'2018-04-06',6),
(1,10000027,'2018-04-06',6),
(3,10000026,'2018-04-06',6),
(10,10000025,'2018-04-06',6),
(8,10000025,'2018-04-06',6),
(9,10000029,'2018-04-06',6),
(10,10000031,'2018-04-06',6),
(1,10000032,'2018-04-06',5),
(2,10000034,'2018-04-06',5),
(6,10000030,'2018-04-06',5),
(4,10000028,'2018-04-06',5),
(2,10000021,'2018-04-06',5),
(3,10000028,'2018-04-06',5),
(9,10000003,'2018-04-06',5),
(10,10000005,'2018-04-07',5),
(2,10000006,'2018-04-07',5),
(1,10000007,'2018-04-07',5),
(5,10000009,'2018-04-07',5),
(3,10000010,'2018-04-07',5),
(5,10000011,'2018-04-07',5),
(8,10000013,'2018-04-07',5),
(9,10000015,'2018-04-07',4),
(10,10000017,'2018-04-07',4),
(4,10000028,'2018-04-07',4),
(2,10000030,'2018-04-07',4),
(4,10000032,'2018-04-07',4),
(3,10000034,'2018-04-07',4),
(2,10000036,'2018-04-07',4),
(7,10000028,'2018-04-07',4),
(8,10000039,'2018-04-07',4),
(9,10000021,'2018-04-07',4),
(8,10000029,'2018-04-07',8);

INSERT INTO HasDependent(benefactorID, dependentSIN)
VALUES
(10000001,120451010),
(10000030,125201982),
(10000002,161352916),
(10000005,189872628),
(10000004,211744604),
(10000008,221128028),
(10000009,222610756),
(10000001,243813237),
(10000000,262339566),
(10000022,270935560),
(10000024,285359069),
(10000027,301670376),
(10000032,310876717),
(10000036,332242800),
(10000021,340484330),
(10000000,350183663),
(10000035,353003029),
(10000039,370084718),
(10000018,381005566),
(10000010,421629336),
(10000020,433280992),
(10000030,448638219),
(10000002,460382971),
(10000003,490814435),
(10000004,500747728),
(10000005,504646614),
(10000006,524454235),
(10000028,535007295),
(10000027,553439148),
(10000026,556627041),
(10000025,558777537),
(10000024,575882683),
(10000023,584133094),
(10000032,584517883),
(10000031,618557634);

INSERT INTO ProjectLeader(projID,projLeaderID)
VALUES
(7,10000001),
(4,10000013),
(6,10000013),
(9,10000013),
(10,10000013),
(2,10000018),
(1,10000030),
(5,10000037),
(3,10000039),
(8,10000039);

INSERT INTO Supervises(superID,suborID)
VALUES
(10000001,10000006),
(10000001,10000012),
(10000002,10000007),
(10000002,10000009),
(10000002,10000010),
(10000002,10000015),
(10000002,10000020),
(10000005,10000004),
(10000007,10000023),
(10000009,10000024),
(10000010,10000005),
(10000010,10000029),
(10000010,10000030),
(10000012,10000019),
(10000012,10000026),
(10000012,10000027),
(10000012,10000028),
(10000012,10000032),
(10000013,10000000),
(10000013,10000003),
(10000013,10000008),
(10000014,10000016),
(10000014,10000017),
(10000014,10000021);